--
-- Script was generated by Devart dbForge Studio 2020 for MySQL, Version 9.0.338.0
-- Product home page: http://www.devart.com/dbforge/mysql/studio
-- Script date 3/23/2022 5:01:45 PM
-- Server version: 10.4.22
-- Client version: 4.1
--

-- 
-- Disable foreign keys
-- 
/*!40014 SET @OLD_FOREIGN_KEY_CHECKS=@@FOREIGN_KEY_CHECKS, FOREIGN_KEY_CHECKS=0 */;

-- 
-- Set SQL mode
-- 
/*!40101 SET @OLD_SQL_MODE=@@SQL_MODE, SQL_MODE='NO_AUTO_VALUE_ON_ZERO' */;

-- 
-- Set character set the client will use to send SQL statements to the server
--
SET NAMES 'utf8';

--
-- Set default database
--
USE giaythethao2;

--
-- Drop table `tbl_dangnhap`
--
DROP TABLE IF EXISTS tbl_dangnhap;

--
-- Drop table `tbl_qlbaidang`
--
DROP TABLE IF EXISTS tbl_qlbaidang;

--
-- Drop table `tbl_qlthanhvien`
--
DROP TABLE IF EXISTS tbl_qlthanhvien;

--
-- Drop table `tbl_tkkhachhang`
--
DROP TABLE IF EXISTS tbl_tkkhachhang;

--
-- Drop table `oder_chitiet`
--
DROP TABLE IF EXISTS oder_chitiet;

--
-- Drop table `oder`
--
DROP TABLE IF EXISTS oder;

--
-- Drop table `tbl_thuvienanh`
--
DROP TABLE IF EXISTS tbl_thuvienanh;

--
-- Drop table `tbl_qlsanpham`
--
DROP TABLE IF EXISTS tbl_qlsanpham;

--
-- Set default database
--
USE giaythethao2;

--
-- Create table `tbl_qlsanpham`
--
CREATE TABLE tbl_qlsanpham (
  masp int(11) NOT NULL AUTO_INCREMENT,
  tensp varchar(255) DEFAULT NULL,
  anhgiuoithieu1 varchar(255) DEFAULT NULL,
  anhgiuoithieu2 varchar(255) DEFAULT NULL,
  anhdaidien varchar(255) DEFAULT NULL,
  giasanpham int(11) DEFAULT NULL,
  giagoc int(11) DEFAULT NULL,
  noidung varchar(5000) DEFAULT NULL,
  ngaytao int(11) DEFAULT NULL,
  nhomsp varchar(255) DEFAULT NULL,
  ngaycapnhat int(11) DEFAULT NULL,
  PRIMARY KEY (masp)
)
ENGINE = INNODB,
AUTO_INCREMENT = 26,
AVG_ROW_LENGTH = 1365,
CHARACTER SET utf8,
COLLATE utf8_general_ci;

--
-- Create table `tbl_thuvienanh`
--
CREATE TABLE tbl_thuvienanh (
  id int(11) NOT NULL AUTO_INCREMENT,
  masp int(11) NOT NULL,
  path varchar(255) DEFAULT NULL,
  ngaytao int(11) DEFAULT NULL,
  ngaycapnhat int(11) DEFAULT NULL,
  PRIMARY KEY (id)
)
ENGINE = INNODB,
CHARACTER SET utf8,
COLLATE utf8_general_ci;

--
-- Create foreign key
--
ALTER TABLE tbl_thuvienanh
ADD CONSTRAINT tbl_thuvienanh_tbl_qlsanpham_masp_fk FOREIGN KEY (masp)
REFERENCES tbl_qlsanpham (masp) ON DELETE CASCADE ON UPDATE CASCADE;

--
-- Create table `oder`
--
CREATE TABLE oder (
  id int(11) NOT NULL AUTO_INCREMENT,
  tenkh varchar(255) DEFAULT NULL,
  diachi varchar(255) DEFAULT NULL,
  sdt varchar(255) DEFAULT NULL,
  note varchar(255) DEFAULT NULL,
  ngaytao int(11) DEFAULT NULL,
  tongtien int(11) DEFAULT NULL,
  donhangthang int(11) DEFAULT NULL,
  PRIMARY KEY (id)
)
ENGINE = INNODB,
AUTO_INCREMENT = 29,
AVG_ROW_LENGTH = 4096,
CHARACTER SET utf8,
COLLATE utf8_general_ci;

--
-- Create table `oder_chitiet`
--
CREATE TABLE oder_chitiet (
  id int(11) NOT NULL AUTO_INCREMENT,
  madonhang int(11) NOT NULL,
  masp int(11) DEFAULT NULL,
  quantity int(11) DEFAULT NULL,
  price int(11) DEFAULT NULL,
  created_time int(11) DEFAULT NULL,
  last_updated int(11) DEFAULT NULL,
  PRIMARY KEY (id)
)
ENGINE = INNODB,
AUTO_INCREMENT = 29,
AVG_ROW_LENGTH = 3276,
CHARACTER SET utf8,
COLLATE utf8_general_ci;

--
-- Create foreign key
--
ALTER TABLE oder_chitiet
ADD CONSTRAINT `1` FOREIGN KEY (madonhang)
REFERENCES oder (id) ON DELETE CASCADE ON UPDATE CASCADE;

--
-- Create foreign key
--
ALTER TABLE oder_chitiet
ADD CONSTRAINT `2` FOREIGN KEY (masp)
REFERENCES tbl_qlsanpham (masp) ON DELETE CASCADE ON UPDATE CASCADE;

--
-- Create table `tbl_tkkhachhang`
--
CREATE TABLE tbl_tkkhachhang (
  makh int(11) NOT NULL AUTO_INCREMENT,
  username varchar(255) DEFAULT NULL,
  password varchar(255) DEFAULT NULL,
  hoten varchar(255) DEFAULT NULL,
  ngaytao int(11) DEFAULT NULL,
  PRIMARY KEY (makh)
)
ENGINE = INNODB,
AUTO_INCREMENT = 7,
AVG_ROW_LENGTH = 5461,
CHARACTER SET utf8,
COLLATE utf8_general_ci;

--
-- Create index `username` on table `tbl_tkkhachhang`
--
ALTER TABLE tbl_tkkhachhang
ADD UNIQUE INDEX username (username);

--
-- Create table `tbl_qlthanhvien`
--
CREATE TABLE tbl_qlthanhvien (
  id int(11) NOT NULL AUTO_INCREMENT,
  hoten varchar(255) NOT NULL,
  gioitinh varchar(255) DEFAULT NULL,
  ngaysinh int(11) DEFAULT NULL,
  diachicuthe varchar(255) DEFAULT NULL,
  tinh varchar(255) DEFAULT NULL,
  thanhpho varchar(255) DEFAULT NULL,
  phuongxa varchar(255) DEFAULT NULL,
  chucvu varchar(255) DEFAULT NULL,
  motacongviec varchar(255) DEFAULT NULL,
  ngaytao int(11) DEFAULT NULL,
  ngaycapnhat int(11) DEFAULT NULL,
  taikhoan varchar(255) DEFAULT NULL,
  matkhau varchar(255) DEFAULT NULL,
  PRIMARY KEY (id)
)
ENGINE = INNODB,
AUTO_INCREMENT = 25,
AVG_ROW_LENGTH = 1638,
CHARACTER SET utf8,
COLLATE utf8_general_ci;

--
-- Create index `taikhoan` on table `tbl_qlthanhvien`
--
ALTER TABLE tbl_qlthanhvien
ADD UNIQUE INDEX taikhoan (taikhoan);

--
-- Create table `tbl_qlbaidang`
--
CREATE TABLE tbl_qlbaidang (
  id int(11) NOT NULL AUTO_INCREMENT,
  nguoiphutrach varchar(255) NOT NULL,
  anhgiuoithieu1 varchar(255) DEFAULT NULL,
  anhgiuoithieu2 varchar(255) DEFAULT NULL,
  anhdaidien varchar(255) DEFAULT NULL,
  tieude varchar(255) DEFAULT NULL,
  chedo varchar(255) DEFAULT NULL,
  noidung varchar(1000) DEFAULT NULL,
  ngaytao int(11) DEFAULT NULL,
  ngaycapnhat int(11) DEFAULT NULL,
  PRIMARY KEY (id)
)
ENGINE = INNODB,
AUTO_INCREMENT = 35,
AVG_ROW_LENGTH = 606,
CHARACTER SET utf8,
COLLATE utf8_general_ci;

--
-- Create index `tbl_qlbaidang_tbl_qlthanhvien_id_fk` on table `tbl_qlbaidang`
--
ALTER TABLE tbl_qlbaidang
ADD INDEX tbl_qlbaidang_tbl_qlthanhvien_id_fk (nguoiphutrach);

--
-- Create table `tbl_dangnhap`
--
CREATE TABLE tbl_dangnhap (
  mavn int(11) NOT NULL AUTO_INCREMENT,
  hoten varchar(255) DEFAULT NULL,
  taikhoan varchar(255) DEFAULT NULL,
  matkhau varchar(255) DEFAULT NULL,
  ngaysinh int(11) DEFAULT NULL,
  created_time int(11) DEFAULT NULL,
  last_updated int(11) DEFAULT NULL,
  PRIMARY KEY (mavn)
)
ENGINE = INNODB,
AUTO_INCREMENT = 5,
AVG_ROW_LENGTH = 4096,
CHARACTER SET utf8,
COLLATE utf8_general_ci;

-- 
-- Dumping data for table tbl_qlsanpham
--
INSERT INTO tbl_qlsanpham VALUES
(5, 'Giày Thể Thao Nam MWC NATT - 1 tét', 'uploads/z2171254039562_bdb467708c36394ef869e4364d81098d.jpg', 'uploads/cac-hang-giay-noi-tieng-1.jpg', 'uploads/cac-thuong-hieu-giay-noi-tieng-1.jpg', 295000, 300000, 'Giày Thể Thao Nam MWC NATT - 5277 với chất vải Flyknit chuyên dụng tạo cảm giác thoải mái cho bạn trong suốt quá trình vận động. Kiểu dáng và màu sắc hiện đại mang lại một phong cách thật thời thượng mỗi khi xuống phố. Sản phẩm có thiết kế tinh tế cùng đường may tỉ mỉ, chắc chắn, thích hợp trong các hoạt động thể thao, dạo chơi, picnic,...\r\n\r\nĐặc điểm sản phẩm\r\n- Chất vải chuyên dụng trong thể thao.\r\n- Công nghệ thấm hút mồ hôi, giúp giữ mát và khô ráo suốt ngày.\r\n- Tạo cảm giác thoải mái trong suốt quá trình vận động.\r\n- Thiết kế trẻ trung, năng động.\r\n- Sử dụng tốt nhất đối với: hoạt động bình thường tại phòng tập Gym, trang phục tiện dụng                                                ', 1633320779, 'Giày nam', 1640826126),
(16, 'Giày Thể Thao Nam MWC NATT - 3', 'uploads/z2171254039562_bdb467708c36394ef869e4364d81098d.jpg', 'uploads/z2171254039562_bdb467708c36394ef869e4364d81098d.jpg', 'uploads/z2171254039562_bdb467708c36394ef869e4364d81098d.jpg', 295000, 300000, 'Giày Thể Thao Nam MWC NATT - 5277 với chất vải Flyknit chuyên dụng tạo cảm giác thoải mái cho bạn trong suốt quá trình vận động. Kiểu dáng và màu sắc hiện đại mang lại một phong cách thật thời thượng mỗi khi xuống phố. Sản phẩm có thiết kế tinh tế cùng đường may tỉ mỉ, chắc chắn, thích hợp trong các hoạt động thể thao, dạo chơi, picnic,...\r\n\r\nĐặc điểm sản phẩm\r\n- Chất vải chuyên dụng trong thể thao.\r\n- Công nghệ thấm hút mồ hôi, giúp giữ mát và khô ráo suốt ngày.\r\n- Tạo cảm giác thoải mái trong suốt quá trình vận động.\r\n- Thiết kế trẻ trung, năng động.\r\n- Sử dụng tốt nhất đối với: hoạt động bình thường tại phòng tập Gym, trang phục tiện dụng                        ', 1633170231, 'Giày nam', NULL),
(17, 'Giày Thể Thao Nam MWC NATT - 4', 'uploads/z2150783313779-0a5c0d4b373811db1a25c4fed103c771.jpg', 'uploads/z2150783313779-0a5c0d4b373811db1a25c4fed103c771.jpg', 'uploads/z2150783313779-0a5c0d4b373811db1a25c4fed103c771.jpg', 295000, 300000, 'Giày Thể Thao Nam MWC NATT - 5277 với chất vải Flyknit chuyên dụng tạo cảm giác thoải mái cho bạn trong suốt quá trình vận động. Kiểu dáng và màu sắc hiện đại mang lại một phong cách thật thời thượng mỗi khi xuống phố. Sản phẩm có thiết kế tinh tế cùng đường may tỉ mỉ, chắc chắn, thích hợp trong các hoạt động thể thao, dạo chơi, picnic,...\r\n\r\nĐặc điểm sản phẩm\r\n- Chất vải chuyên dụng trong thể thao.\r\n- Công nghệ thấm hút mồ hôi, giúp giữ mát và khô ráo suốt ngày.\r\n- Tạo cảm giác thoải mái trong suốt quá trình vận động.\r\n- Thiết kế trẻ trung, năng động.\r\n- Sử dụng tốt nhất đối với: hoạt động bình thường tại phòng tập Gym, trang phục tiện dụng                        ', 1633184227, 'Giày nam', NULL),
(18, 'Giày Thể Thao Nam MWC NATT - 5', 'uploads/z2171254039562_bdb467708c36394ef869e4364d81098d.jpg', 'uploads/', 'uploads/z2167276892938-024daacff85d3521a82b4eca93f40a4b.jpg', 295000, 300000, 'Giày Thể Thao Nam MWC NATT - 5277 với chất vải Flyknit chuyên dụng tạo cảm giác thoải mái cho bạn trong suốt quá trình vận động. Kiểu dáng và màu sắc hiện đại mang lại một phong cách thật thời thượng mỗi khi xuống phố. Sản phẩm có thiết kế tinh tế cùng đường may tỉ mỉ, chắc chắn, thích hợp trong các hoạt động thể thao, dạo chơi, picnic,...\r\n\r\nĐặc điểm sản phẩm\r\n- Chất vải chuyên dụng trong thể thao.\r\n- Công nghệ thấm hút mồ hôi, giúp giữ mát và khô ráo suốt ngày.\r\n- Tạo cảm giác thoải mái trong suốt quá trình vận động.\r\n- Thiết kế trẻ trung, năng động.\r\n- Sử dụng tốt nhất đối với: hoạt động bình thường tại phòng tập Gym, trang phục tiện dụng                        ', 1633321527, 'Giày nam', NULL),
(19, 'Giày Thể Thao Nam MWC NATT - 6', 'uploads/z2150783313779-0a5c0d4b373811db1a25c4fed103c771.jpg', 'uploads/z2150783313779-0a5c0d4b373811db1a25c4fed103c771.jpg', 'uploads/z2150783313779-0a5c0d4b373811db1a25c4fed103c771.jpg', 295000, 300000, 'Giày Thể Thao Nam MWC NATT - 5277 với chất vải Flyknit chuyên dụng tạo cảm giác thoải mái cho bạn trong suốt quá trình vận động. Kiểu dáng và màu sắc hiện đại mang lại một phong cách thật thời thượng mỗi khi xuống phố. Sản phẩm có thiết kế tinh tế cùng đường may tỉ mỉ, chắc chắn, thích hợp trong các hoạt động thể thao, dạo chơi, picnic,...\r\n\r\nĐặc điểm sản phẩm\r\n- Chất vải chuyên dụng trong thể thao.\r\n- Công nghệ thấm hút mồ hôi, giúp giữ mát và khô ráo suốt ngày.\r\n- Tạo cảm giác thoải mái trong suốt quá trình vận động.\r\n- Thiết kế trẻ trung, năng động.\r\n- Sử dụng tốt nhất đối với: hoạt động bình thường tại phòng tập Gym, trang phục tiện dụng                        ', 1633167755, 'Giày nam', NULL),
(21, 'Giày Thể Thao Nam MWC NATT - 8', 'uploads/z2150783313779-0a5c0d4b373811db1a25c4fed103c771.jpg', 'uploads/z2150783313779-0a5c0d4b373811db1a25c4fed103c771.jpg', 'uploads/z2150783313779-0a5c0d4b373811db1a25c4fed103c771.jpg', 295000, 300000, 'Giày Thể Thao Nam MWC NATT - 5277 với chất vải Flyknit chuyên dụng tạo cảm giác thoải mái cho bạn trong suốt quá trình vận động. Kiểu dáng và màu sắc hiện đại mang lại một phong cách thật thời thượng mỗi khi xuống phố. Sản phẩm có thiết kế tinh tế cùng đường may tỉ mỉ, chắc chắn, thích hợp trong các hoạt động thể thao, dạo chơi, picnic,...\r\n\r\nĐặc điểm sản phẩm\r\n- Chất vải chuyên dụng trong thể thao.\r\n- Công nghệ thấm hút mồ hôi, giúp giữ mát và khô ráo suốt ngày.\r\n- Tạo cảm giác thoải mái trong suốt quá trình vận động.\r\n- Thiết kế trẻ trung, năng động.\r\n- Sử dụng tốt nhất đối với: hoạt động bình thường tại phòng tập Gym, trang phục tiện dụng                        ', 1633167755, 'Giày nam', NULL),
(22, 'Giày Thể Thao Nam MWC NATT - 9', 'uploads/z2171254039562_bdb467708c36394ef869e4364d81098d.jpg', 'uploads/z2150783313779-0a5c0d4b373811db1a25c4fed103c771.jpg', 'uploads/z2150783313779-0a5c0d4b373811db1a25c4fed103c771.jpg', 295000, 300000, 'Giày Thể Thao Nam MWC NATT - 5277 với chất vải Flyknit chuyên dụng tạo cảm giác thoải mái cho bạn trong suốt quá trình vận động. Kiểu dáng và màu sắc hiện đại mang lại một phong cách thật thời thượng mỗi khi xuống phố. Sản phẩm có thiết kế tinh tế cùng đường may tỉ mỉ, chắc chắn, thích hợp trong các hoạt động thể thao, dạo chơi, picnic,...\r\n\r\nĐặc điểm sản phẩm\r\n- Chất vải chuyên dụng trong thể thao.\r\n- Công nghệ thấm hút mồ hôi, giúp giữ mát và khô ráo suốt ngày.\r\n- Tạo cảm giác thoải mái trong suốt quá trình vận động.\r\n- Thiết kế trẻ trung, năng động.\r\n- Sử dụng tốt nhất đối với: hoạt động bình thường tại phòng tập Gym, trang phục tiện dụng                        ', 1633167755, 'Giày nam', NULL),
(23, 'Giày Thể Thao Nam MWC NATT - 10', 'uploads/z2150783313779-0a5c0d4b373811db1a25c4fed103c771.jpg', 'uploads/z2150783313779-0a5c0d4b373811db1a25c4fed103c771.jpg', 'uploads/z2150783313779-0a5c0d4b373811db1a25c4fed103c771.jpg', 295000, 300000, 'Giày Thể Thao Nam MWC NATT - 5277 với chất vải Flyknit chuyên dụng tạo cảm giác thoải mái cho bạn trong suốt quá trình vận động. Kiểu dáng và màu sắc hiện đại mang lại một phong cách thật thời thượng mỗi khi xuống phố. Sản phẩm có thiết kế tinh tế cùng đường may tỉ mỉ, chắc chắn, thích hợp trong các hoạt động thể thao, dạo chơi, picnic,...\r\n\r\nĐặc điểm sản phẩm\r\n- Chất vải chuyên dụng trong thể thao.\r\n- Công nghệ thấm hút mồ hôi, giúp giữ mát và khô ráo suốt ngày.\r\n- Tạo cảm giác thoải mái trong suốt quá trình vận động.\r\n- Thiết kế trẻ trung, năng động.\r\n- Sử dụng tốt nhất đối với: hoạt động bình thường tại phòng tập Gym, trang phục tiện dụng                        ', 1633167755, 'Giày nam', NULL),
(24, 'Giày Thể Thao Nam MWC NATT - 11', 'uploads/z2171254039562_bdb467708c36394ef869e4364d81098d.jpg', 'uploads/z2150783313779-0a5c0d4b373811db1a25c4fed103c771.jpg', 'uploads/z2150783313779-0a5c0d4b373811db1a25c4fed103c771.jpg', 295000, 300000, 'Giày Thể Thao Nam MWC NATT - 5277 với chất vải Flyknit chuyên dụng tạo cảm giác thoải mái cho bạn trong suốt quá trình vận động. Kiểu dáng và màu sắc hiện đại mang lại một phong cách thật thời thượng mỗi khi xuống phố. Sản phẩm có thiết kế tinh tế cùng đường may tỉ mỉ, chắc chắn, thích hợp trong các hoạt động thể thao, dạo chơi, picnic,...\r\n\r\nĐặc điểm sản phẩm\r\n- Chất vải chuyên dụng trong thể thao.\r\n- Công nghệ thấm hút mồ hôi, giúp giữ mát và khô ráo suốt ngày.\r\n- Tạo cảm giác thoải mái trong suốt quá trình vận động.\r\n- Thiết kế trẻ trung, năng động.\r\n- Sử dụng tốt nhất đối với: hoạt động bình thường tại phòng tập Gym, trang phục tiện dụng                        ', 1633167755, 'Giày nam', NULL),
(25, 'thử thầy kiểm tra', 'uploads/z2150783313779-0a5c0d4b373811db1a25c4fed103c771.jpg', 'uploads/cac-thuong-hieu-giay-noi-tieng-1.jpg', 'uploads/cac-thuong-hieu-giay-noi-tieng-1.jpg', 295000, 300000, '                        ', 1634627372, 'Giày nam', 1634627386);

-- 
-- Dumping data for table oder
--
INSERT INTO oder VALUES
(11, 'Đỗ Quốc Hoàn', 'tháng 09', '0329888733', 'hihi', 1633248640, 590000, 10),
(12, 'Nguyễn Minh Đức', 'tháng 09', '0329888733', 'hihi', 1633436803, 295000, 10),
(26, 'Nguyễn Minh Đức', 'vinh', '0329888733', 'hihi', 1640822893, 295000, NULL),
(27, 'Nguyễn Minh Đức', 'tháng 09', '0329888733', 'ok', 1640828969, 590000, NULL),
(28, 'Nguyễn Minh Đức', 'Nghệ An', '0329888733', 'ok', 1640829020, 295000, 12);

-- 
-- Dumping data for table tbl_tkkhachhang
--
INSERT INTO tbl_tkkhachhang VALUES
(1, 'duc', 'duc', 'Nguyễn Minh Đức', NULL),
(3, '1', '1', 'Đoàn Quang Huy', NULL),
(5, 'linh', 'linh', 'Nguyễn Thị Khánh linh ', NULL);

-- 
-- Dumping data for table tbl_thuvienanh
--
-- Table giaythethao2.tbl_thuvienanh does not contain any data (it is empty)

-- 
-- Dumping data for table tbl_qlthanhvien
--
INSERT INTO tbl_qlthanhvien VALUES
(4, 'Nguyễn Linh Giang', '', 1, 'so 17', '', '', '', 'Quản lí', '', 1632988674, NULL, NULL, NULL),
(6, 'Nguyễn Linh Giang', '', 20, 'so 17', NULL, NULL, NULL, 'Quản lí', 'làm ít', 1633060091, NULL, NULL, NULL),
(7, 'Nguyễn Linh Giang', '', 1, 'so 17', NULL, NULL, NULL, 'Quản lí', '', 1633060146, NULL, NULL, NULL),
(9, 'Nguyễn Linh Giang', '1', 1000936800, 'so 17', NULL, NULL, NULL, 'Quản lí', '', 1633060271, NULL, NULL, NULL),
(10, 'Nguyễn Linh Giang', '1', 1000936800, 'so 17', NULL, NULL, NULL, 'Quản lí', '', 1633060282, NULL, NULL, NULL),
(15, 'Nguyễn Minh Đức ', NULL, 31532400, NULL, NULL, NULL, NULL, NULL, NULL, 1633061862, 1633061862, '6', '1'),
(16, 'Nguyễn Minh Đức ', NULL, 31532400, NULL, NULL, NULL, NULL, NULL, NULL, 1633061949, 1633061949, '7', '1'),
(17, 'Nguyễn Minh Đức ', NULL, 31532400, NULL, NULL, NULL, NULL, NULL, NULL, 1633061958, 1633061958, '8', '1'),
(18, 'Nguyễn Minh Đức ', NULL, 1000936800, NULL, NULL, NULL, NULL, NULL, NULL, 1633067145, 1633067145, '9', '1'),
(21, 'Nguyễn Minh Đức ', NULL, 1000936800, NULL, NULL, NULL, NULL, NULL, NULL, 1633073819, 1633073819, '1', '1'),
(24, 'minh duc', NULL, 1000936800, NULL, NULL, NULL, NULL, NULL, NULL, 1640829358, 1640829358, 'duc', 'duc');

-- 
-- Dumping data for table tbl_qlbaidang
--
INSERT INTO tbl_qlbaidang VALUES
(1, 'Đức', 'uploads/z2193352750215-3033be33fe89b3df566ee80298de656d.jpg', 'uploads/nen-mua-giay-the-thao-hang-nao-1(1).jpg', 'uploads/z2167276892938-024daacff85d3521a82b4eca93f40a4b.jpg', 'TOP 10+ CÁC HÃNG GIÀY SNEAKER THỂ THAO NỔI TIẾNG BẠN NÊN BIẾT1', 'Ẩn', 'Y-3 là sự kết hợp giữa một nhà thiết kế đại tài mà Nhật Bản đã sản sinh ra – Yohji Yamamoto và gã khổng lồ Adidas. Lý do cái tên thương hiệu Y-3 ra đời cũng khá đơn giản khi Y là chữ cái đầu của Yohji và 3 là biểu tượng 3 sọc đặc trưng của Adidas.\r\n1\r\nCó                                                                                                                                                                                                                                                 ', 1640829112, 1640829112),
(2, 'Đức', 'uploads/cac-thuong-hieu-giay-noi-tieng-1.jpg', 'uploads/cac-hang-giay-noi-tieng-1.jpg', 'uploads/nen-mua-giay-the-thao-hang-nao-1.jpg', 'TOP 10+ CÁC HÃNG GIÀY SNEAKER THỂ THAO NỔI TIẾNG BẠN NÊN BIẾT', 'Hiện', 'Y-3 là sự kết hợp giữa một nhà thiết kế đại tài mà Nhật Bản đã sản sinh ra – Yohji Yamamoto và gã khổng lồ Adidas. Lý do cái tên thương hiệu Y-3 ra đời cũng khá đơn giản khi Y là chữ cái đầu của Yohji và 3 là biểu tượng 3 sọc đặc trưng của Adidas.\r\n\r\nCó t', 1632922277, 1632922277),
(3, 'Đức', 'uploads/cac-thuong-hieu-giay-noi-tieng-1.jpg', 'uploads/cac-hang-giay-noi-tieng-1.jpg', 'uploads/nen-mua-giay-the-thao-hang-nao-1.jpg', 'TOP 10+ CÁC HÃNG GIÀY SNEAKER THỂ THAO NỔI TIẾNG BẠN NÊN BIẾT', 'Hiện', 'Y-3 là sự kết hợp giữa một nhà thiết kế đại tài mà Nhật Bản đã sản sinh ra – Yohji Yamamoto và gã khổng lồ Adidas. Lý do cái tên thương hiệu Y-3 ra đời cũng khá đơn giản khi Y là chữ cái đầu của Yohji và 3 là biểu tượng 3 sọc đặc trưng của Adidas.\r\n\r\nCó t', 1632922277, 1632922277),
(4, 'Đức', 'uploads/cac-thuong-hieu-giay-noi-tieng-1.jpg', 'uploads/cac-hang-giay-noi-tieng-1.jpg', 'uploads/nen-mua-giay-the-thao-hang-nao-1.jpg', 'TOP 10+ CÁC HÃNG GIÀY SNEAKER THỂ THAO NỔI TIẾNG BẠN NÊN BIẾT', 'Hiện', 'Y-3 là sự kết hợp giữa một nhà thiết kế đại tài mà Nhật Bản đã sản sinh ra – Yohji Yamamoto và gã khổng lồ Adidas. Lý do cái tên thương hiệu Y-3 ra đời cũng khá đơn giản khi Y là chữ cái đầu của Yohji và 3 là biểu tượng 3 sọc đặc trưng của Adidas.\r\n\r\nCó t', 1632922277, 1632922277),
(5, 'Đức', 'uploads/cac-thuong-hieu-giay-noi-tieng-1.jpg', 'uploads/cac-hang-giay-noi-tieng-1.jpg', 'uploads/nen-mua-giay-the-thao-hang-nao-1.jpg', 'TOP 10+ CÁC HÃNG GIÀY SNEAKER THỂ THAO NỔI TIẾNG BẠN NÊN BIẾT', 'Hiện', 'Y-3 là sự kết hợp giữa một nhà thiết kế đại tài mà Nhật Bản đã sản sinh ra – Yohji Yamamoto và gã khổng lồ Adidas. Lý do cái tên thương hiệu Y-3 ra đời cũng khá đơn giản khi Y là chữ cái đầu của Yohji và 3 là biểu tượng 3 sọc đặc trưng của Adidas.\r\n\r\nCó t', 1632922277, 1632922277),
(6, 'Đức', 'uploads/cac-thuong-hieu-giay-noi-tieng-1.jpg', 'uploads/cac-hang-giay-noi-tieng-1.jpg', 'uploads/nen-mua-giay-the-thao-hang-nao-1.jpg', 'TOP 10+ CÁC HÃNG GIÀY SNEAKER THỂ THAO NỔI TIẾNG BẠN NÊN BIẾT', 'Hiện', 'Y-3 là sự kết hợp giữa một nhà thiết kế đại tài mà Nhật Bản đã sản sinh ra – Yohji Yamamoto và gã khổng lồ Adidas. Lý do cái tên thương hiệu Y-3 ra đời cũng khá đơn giản khi Y là chữ cái đầu của Yohji và 3 là biểu tượng 3 sọc đặc trưng của Adidas.\r\n\r\nCó t', 1632922277, 1632922277),
(7, 'Đức', 'uploads/cac-thuong-hieu-giay-noi-tieng-1.jpg', 'uploads/cac-hang-giay-noi-tieng-1.jpg', 'uploads/nen-mua-giay-the-thao-hang-nao-1.jpg', 'TOP 10+ CÁC HÃNG GIÀY SNEAKER THỂ THAO NỔI TIẾNG BẠN NÊN BIẾT', 'Hiện', 'Y-3 là sự kết hợp giữa một nhà thiết kế đại tài mà Nhật Bản đã sản sinh ra – Yohji Yamamoto và gã khổng lồ Adidas. Lý do cái tên thương hiệu Y-3 ra đời cũng khá đơn giản khi Y là chữ cái đầu của Yohji và 3 là biểu tượng 3 sọc đặc trưng của Adidas.\r\n\r\nCó t', 1632922277, 1632922277),
(8, 'Đức', 'uploads/cac-thuong-hieu-giay-noi-tieng-1.jpg', 'uploads/cac-hang-giay-noi-tieng-1.jpg', 'uploads/nen-mua-giay-the-thao-hang-nao-1.jpg', 'TOP 10+ CÁC HÃNG GIÀY SNEAKER THỂ THAO NỔI TIẾNG BẠN NÊN BIẾT', 'Hiện', 'Y-3 là sự kết hợp giữa một nhà thiết kế đại tài mà Nhật Bản đã sản sinh ra – Yohji Yamamoto và gã khổng lồ Adidas. Lý do cái tên thương hiệu Y-3 ra đời cũng khá đơn giản khi Y là chữ cái đầu của Yohji và 3 là biểu tượng 3 sọc đặc trưng của Adidas.\r\n\r\nCó t', 1632922277, 1632922277),
(9, 'Đức', 'uploads/cac-thuong-hieu-giay-noi-tieng-1.jpg', 'uploads/cac-hang-giay-noi-tieng-1.jpg', 'uploads/nen-mua-giay-the-thao-hang-nao-1.jpg', 'TOP 10+ CÁC HÃNG GIÀY SNEAKER THỂ THAO NỔI TIẾNG BẠN NÊN BIẾT', 'Hiện', 'Y-3 là sự kết hợp giữa một nhà thiết kế đại tài mà Nhật Bản đã sản sinh ra – Yohji Yamamoto và gã khổng lồ Adidas. Lý do cái tên thương hiệu Y-3 ra đời cũng khá đơn giản khi Y là chữ cái đầu của Yohji và 3 là biểu tượng 3 sọc đặc trưng của Adidas.\r\n\r\nCó t', 1632922277, 1632922277),
(10, 'Đức', 'uploads/cac-thuong-hieu-giay-noi-tieng-1.jpg', 'uploads/cac-hang-giay-noi-tieng-1.jpg', 'uploads/nen-mua-giay-the-thao-hang-nao-1.jpg', 'TOP 10+ CÁC HÃNG GIÀY SNEAKER THỂ THAO NỔI TIẾNG BẠN NÊN BIẾT', 'Hiện', 'Y-3 là sự kết hợp giữa một nhà thiết kế đại tài mà Nhật Bản đã sản sinh ra – Yohji Yamamoto và gã khổng lồ Adidas. Lý do cái tên thương hiệu Y-3 ra đời cũng khá đơn giản khi Y là chữ cái đầu của Yohji và 3 là biểu tượng 3 sọc đặc trưng của Adidas.\r\n\r\nCó t', 1632922277, 1632922277),
(11, 'Đức', 'uploads/cac-thuong-hieu-giay-noi-tieng-1.jpg', 'uploads/cac-hang-giay-noi-tieng-1.jpg', 'uploads/nen-mua-giay-the-thao-hang-nao-1.jpg', 'TOP 10+ CÁC HÃNG GIÀY SNEAKER THỂ THAO NỔI TIẾNG BẠN NÊN BIẾT', 'Hiện', 'Y-3 là sự kết hợp giữa một nhà thiết kế đại tài mà Nhật Bản đã sản sinh ra – Yohji Yamamoto và gã khổng lồ Adidas. Lý do cái tên thương hiệu Y-3 ra đời cũng khá đơn giản khi Y là chữ cái đầu của Yohji và 3 là biểu tượng 3 sọc đặc trưng của Adidas.\r\n\r\nCó t', 1632922277, 1632922277),
(12, 'Đức', 'uploads/cac-thuong-hieu-giay-noi-tieng-1.jpg', 'uploads/cac-hang-giay-noi-tieng-1.jpg', 'uploads/nen-mua-giay-the-thao-hang-nao-1.jpg', 'TOP 10+ CÁC HÃNG GIÀY SNEAKER THỂ THAO NỔI TIẾNG BẠN NÊN BIẾT', 'Hiện', 'Y-3 là sự kết hợp giữa một nhà thiết kế đại tài mà Nhật Bản đã sản sinh ra – Yohji Yamamoto và gã khổng lồ Adidas. Lý do cái tên thương hiệu Y-3 ra đời cũng khá đơn giản khi Y là chữ cái đầu của Yohji và 3 là biểu tượng 3 sọc đặc trưng của Adidas.\r\n\r\nCó t', 1632922277, 1632922277),
(13, 'Đức', 'uploads/cac-thuong-hieu-giay-noi-tieng-1.jpg', 'uploads/cac-hang-giay-noi-tieng-1.jpg', 'uploads/nen-mua-giay-the-thao-hang-nao-1.jpg', 'TOP 10+ CÁC HÃNG GIÀY SNEAKER THỂ THAO NỔI TIẾNG BẠN NÊN BIẾT', 'Hiện', 'Y-3 là sự kết hợp giữa một nhà thiết kế đại tài mà Nhật Bản đã sản sinh ra – Yohji Yamamoto và gã khổng lồ Adidas. Lý do cái tên thương hiệu Y-3 ra đời cũng khá đơn giản khi Y là chữ cái đầu của Yohji và 3 là biểu tượng 3 sọc đặc trưng của Adidas.\r\n\r\nCó t', 1632922277, 1632922277),
(14, 'Đức', 'uploads/cac-thuong-hieu-giay-noi-tieng-1.jpg', 'uploads/cac-hang-giay-noi-tieng-1.jpg', 'uploads/nen-mua-giay-the-thao-hang-nao-1.jpg', 'TOP 10+ CÁC HÃNG GIÀY SNEAKER THỂ THAO NỔI TIẾNG BẠN NÊN BIẾT', 'Hiện', 'Y-3 là sự kết hợp giữa một nhà thiết kế đại tài mà Nhật Bản đã sản sinh ra – Yohji Yamamoto và gã khổng lồ Adidas. Lý do cái tên thương hiệu Y-3 ra đời cũng khá đơn giản khi Y là chữ cái đầu của Yohji và 3 là biểu tượng 3 sọc đặc trưng của Adidas.\r\n\r\nCó t', 1632922277, 1632922277),
(15, 'Đức', 'uploads/cac-thuong-hieu-giay-noi-tieng-1.jpg', 'uploads/cac-hang-giay-noi-tieng-1.jpg', 'uploads/nen-mua-giay-the-thao-hang-nao-1.jpg', 'TOP 10+ CÁC HÃNG GIÀY SNEAKER THỂ THAO NỔI TIẾNG BẠN NÊN BIẾT', 'Hiện', 'Y-3 là sự kết hợp giữa một nhà thiết kế đại tài mà Nhật Bản đã sản sinh ra – Yohji Yamamoto và gã khổng lồ Adidas. Lý do cái tên thương hiệu Y-3 ra đời cũng khá đơn giản khi Y là chữ cái đầu của Yohji và 3 là biểu tượng 3 sọc đặc trưng của Adidas.\r\n\r\nCó t', 1632922277, 1632922277),
(18, 'Đức', 'uploads/cac-thuong-hieu-giay-noi-tieng-1.jpg', 'uploads/nen-mua-giay-the-thao-hang-nao-1.jpg', 'uploads/cac-hang-giay-noi-tieng-1.jpg', 'TOP 10+ CÁC HÃNG GIÀY SNEAKER THỂ THAO NỔI TIẾNG BẠN NÊN BIẾT1', 'Ẩn', 'Y-3 là sự kết hợp giữa một nhà thiết kế đại tài mà Nhật Bản đã sản sinh ra – Yohji Yamamoto và gã khổng lồ Adidas. Lý do cái tên thương hiệu Y-3 ra đời cũng khá đơn giản khi Y là chữ cái đầu của Yohji và 3 là biểu tượng 3 sọc đặc trưng của Adidas.1Có ', 1633137114, 1633137114),
(19, 'Đức', '/uploads/02-10-2021/nen-mua-giay-the-thao-hang-nao-1(1).jpg', '/uploads/02-10-2021/cac-thuong-hieu-giay-noi-tieng-1(1).jpg', '/uploads/02-10-2021/cac-hang-giay-noi-tieng-1(1).jpg', 'TOP 10+ CÁC HÃNG GIÀY SNEAKER THỂ THAO NỔI TIẾNG BẠN NÊN BIẾT1', 'Ẩn', 'Y-3 là sự kết hợp giữa một nhà thiết kế đại tài mà Nhật Bản đã sản sinh ra – Yohji Yamamoto và gã khổng lồ Adidas. Lý do cái tên thương hiệu Y-3 ra đời cũng khá đơn giản khi Y là chữ cái đầu của Yohji và 3 là biểu tượng 3 sọc đặc trưng của Adidas.\r\n1\r\nCó                         ', 1633168639, 1633168639),
(24, 'Đức', 'uploads/cac-thuong-hieu-giay-noi-tieng-1.jpg', 'uploads/cac-hang-giay-noi-tieng-1.jpg', 'uploads/cac-thuong-hieu-giay-noi-tieng-1.jpg', 'TOP 10+ CÁC HÃNG GIÀY SNEAKER THỂ THAO NỔI TIẾNG BẠN NÊN BIẾT1', 'Ẩn', 'Y-3 là sự kết hợp giữa một nhà thiết kế đại tài mà Nhật Bản đã sản sinh ra – Yohji Yamamoto và gã khổng lồ Adidas. Lý do cái tên thương hiệu Y-3 ra đời cũng khá đơn giản khi Y là chữ cái đầu của Yohji và 3 là biểu tượng 3 sọc đặc trưng của Adidas.\r\n1\r\nCó ', 1633146944, 1633146944),
(25, 'Đức', '', '', '/uploads/02-10-2021/cac-hang-giay-noi-tieng-1(1).jpg', 'TOP 10+ CÁC HÃNG GIÀY SNEAKER THỂ THAO NỔI TIẾNG BẠN NÊN BIẾT1', 'Ẩn', 'Y-3 là sự kết hợp giữa một nhà thiết kế đại tài mà Nhật Bản đã sản sinh ra – Yohji Yamamoto và gã khổng lồ Adidas. Lý do cái tên thương hiệu Y-3 ra đời cũng khá đơn giản khi Y là chữ cái đầu của Yohji và 3 là biểu tượng 3 sọc đặc trưng của Adidas.\r\n1\r\nCó ', 1633147385, 1633147385),
(26, 'Đức', '', '', '/uploads/02-10-2021/cac-hang-giay-noi-tieng-1(1).jpg', 'TOP 10+ CÁC HÃNG GIÀY SNEAKER THỂ THAO NỔI TIẾNG BẠN NÊN BIẾT1', 'Ẩn', 'Y-3 là sự kết hợp giữa một nhà thiết kế đại tài mà Nhật Bản đã sản sinh ra – Yohji Yamamoto và gã khổng lồ Adidas. Lý do cái tên thương hiệu Y-3 ra đời cũng khá đơn giản khi Y là chữ cái đầu của Yohji và 3 là biểu tượng 3 sọc đặc trưng của Adidas.\r\n1\r\nCó ', 1633147448, 1633147448),
(27, 'Đức', '', '', '/uploads/02-10-2021/cac-hang-giay-noi-tieng-1(1).jpg', 'TOP 10+ CÁC HÃNG GIÀY SNEAKER THỂ THAO NỔI TIẾNG BẠN NÊN BIẾT1', 'Ẩn', 'Y-3 là sự kết hợp giữa một nhà thiết kế đại tài mà Nhật Bản đã sản sinh ra – Yohji Yamamoto và gã khổng lồ Adidas. Lý do cái tên thương hiệu Y-3 ra đời cũng khá đơn giản khi Y là chữ cái đầu của Yohji và 3 là biểu tượng 3 sọc đặc trưng của Adidas.\r\n1\r\nCó ', 1633147483, 1633147483),
(28, 'Đức', '', '', '/uploads/02-10-2021/cac-hang-giay-noi-tieng-1(1).jpg', 'TOP 10+ CÁC HÃNG GIÀY SNEAKER THỂ THAO NỔI TIẾNG BẠN NÊN BIẾT1', 'Ẩn', 'Y-3 là sự kết hợp giữa một nhà thiết kế đại tài mà Nhật Bản đã sản sinh ra – Yohji Yamamoto và gã khổng lồ Adidas. Lý do cái tên thương hiệu Y-3 ra đời cũng khá đơn giản khi Y là chữ cái đầu của Yohji và 3 là biểu tượng 3 sọc đặc trưng của Adidas.\r\n1\r\nCó ', 1633147516, 1633147516),
(29, 'Đức', 'uploads/z2167276892938-024daacff85d3521a82b4eca93f40a4b.jpg', 'uploads/z2150783313779-0a5c0d4b373811db1a25c4fed103c771.jpg', 'uploads/z2150783313779-0a5c0d4b373811db1a25c4fed103c771.jpg', 'bài này ẩn ', 'Ẩn', 'test đã                        ', 1633168696, 1633168696),
(30, 'Đức', 'uploads/z2150783313779-0a5c0d4b373811db1a25c4fed103c771.jpg', 'uploads/z2150783313779-0a5c0d4b373811db1a25c4fed103c771.jpg', 'uploads/z2150783313779-0a5c0d4b373811db1a25c4fed103c771.jpg', 'Giày sneakers nam đồng giá 588.000 đồng duy nhất hôm nay', 'Hiện', '', 1633168769, 1633168769),
(31, 'Đức', 'uploads/z2150783313779-0a5c0d4b373811db1a25c4fed103c771.jpg', 'uploads/', 'uploads/z2173482166827-4d32677251a5011f0d0c737602eb1ee4.jpg', 'bài này ẩn ', 'Ẩn', '', 1633168800, 1633168800),
(32, 'Đức', 'uploads/z2150783313779-0a5c0d4b373811db1a25c4fed103c771.jpg', 'uploads/', 'uploads/z2173482166827-4d32677251a5011f0d0c737602eb1ee4.jpg', 'bài này ẩn ', 'Ẩn', '', 1633168823, 1633168823),
(33, 'Đức', 'uploads/z2150783313779-0a5c0d4b373811db1a25c4fed103c771.jpg', 'uploads/', 'uploads/z2173482166827-4d32677251a5011f0d0c737602eb1ee4.jpg', 'bài này ẩn ', 'Ẩn', '', 1633168836, 1633168836),
(34, '', 'uploads/', 'uploads/', 'uploads/of21-24009_fw21_grey-1.jpg', 'giày mới', 'Ẩn', '', 1640827863, 1640827863);

-- 
-- Dumping data for table tbl_dangnhap
--
INSERT INTO tbl_dangnhap VALUES
(1, 'Nguyễn Minh Đức ', 'duc', 'duc', 1000936800, 1632920929, 1632920929),
(2, 'Nguyễn Minh Quang ', '1', '1', 1000936800, 1632920962, 1632920962),
(3, 'Nguyễn Minh Đức ', '1', '1', 1000936800, 1632978368, 1632978368),
(4, 'Đỗ Hoàng Thạch', '1', '1', 1000936800, 1632978391, 1632978391);

-- 
-- Dumping data for table oder_chitiet
--
INSERT INTO oder_chitiet VALUES
(8, 11, 16, 1, 295000, 1633248640, 1633248640),
(9, 12, 5, 1, 295000, 1633436803, 1633436803),
(25, 26, 5, 1, 295000, 1640822893, 1640822893),
(26, 27, 5, 1, 295000, 1640828969, 1640828969),
(27, 27, 16, 1, 295000, 1640828969, 1640828969),
(28, 28, 5, 1, 295000, 1640829020, 1640829020);

-- 
-- Restore previous SQL mode
-- 
/*!40101 SET SQL_MODE=@OLD_SQL_MODE */;

-- 
-- Enable foreign keys
-- 
/*!40014 SET FOREIGN_KEY_CHECKS = @OLD_FOREIGN_KEY_CHECKS */;